Name,Result
K00753.01,CONFIRMED
K00760.01,CONFIRMED
K00777.01,CONFIRMED
K00780.02,FALSE POSITIVE
K00115.03,CONFIRMED
K00797.01,CONFIRMED
K00802.01,CONFIRMED
K00804.01,CONFIRMED
K00810.01,CONFIRMED
K00815.01,CONFIRMED
K00820.01,FALSE POSITIVE
K00841.03,CONFIRMED
K00868.01,CONFIRMED
K00856.01,CONFIRMED
K00858.01,CONFIRMED
K00865.01,CONFIRMED
K00871.01,CONFIRMED
K00875.01,CONFIRMED
K00892.02,CONFIRMED
K00883.01,CONFIRMED
K00901.01,CONFIRMED
K00902.01,CONFIRMED
K00900.01,CONFIRMED
K00914.01,CONFIRMED
K00928.01,CONFIRMED
K00924.01,CONFIRMED
K00935.04,CONFIRMED
K01103.01,CONFIRMED
K01169.01,CONFIRMED
K01170.01,CONFIRMED
K01175.02,CONFIRMED
K00974.01,CONFIRMED
K01051.01,CONFIRMED
K00151.01,CONFIRMED
K00134.01,CONFIRMED
K01112.01,CONFIRMED
K00984.01,CONFIRMED
K01118.01,CONFIRMED
K01193.01,CONFIRMED
K01194.02,CONFIRMED
K01201.01,CONFIRMED
K00989.03,CONFIRMED
K01191.01,CONFIRMED
K00994.01,CONFIRMED
K01066.01,CONFIRMED
K01127.03,CONFIRMED
K00141.01,CONFIRMED
K01145.01,CONFIRMED
K00945.01,CONFIRMED
K00945.02,CONFIRMED
K01081.01,CONFIRMED
K01082.01,CONFIRMED
K01082.02,CONFIRMED
K00950.01,CONFIRMED
K01085.01,CONFIRMED
K01154.01,FALSE POSITIVE
K01089.02,CONFIRMED
K01159.01,CONFIRMED
K01029.01,CONFIRMED
K01030.01,CONFIRMED
K01095.01,CONFIRMED
K00958.01,CONFIRMED
K01165.01,CONFIRMED
K01166.01,CONFIRMED
K01360.03,CONFIRMED
K01362.01,CONFIRMED
K01426.03,FALSE POSITIVE
K01429.01,CONFIRMED
K01239.01,CONFIRMED
K01239.02,CONFIRMED
K01431.01,CONFIRMED
K01242.01,CONFIRMED
K01246.01,CONFIRMED
K01251.01,CONFIRMED
K01311.01,CONFIRMED
K01315.01,CONFIRMED
K01369.01,CONFIRMED
K01437.01,CONFIRMED
K01258.03,CONFIRMED
K01261.02,CONFIRMED
K01268.01,CONFIRMED
K01328.01,CONFIRMED
K01331.01,CONFIRMED
K01271.01,CONFIRMED
K01393.01,CONFIRMED
K01455.01,CONFIRMED
K01276.01,CONFIRMED
K01276.02,CONFIRMED
K01336.04,CONFIRMED
K01395.01,CONFIRMED
K01397.01,CONFIRMED
K01338.02,CONFIRMED
K01338.03,CONFIRMED
K01398.01,CONFIRMED
K01399.01,CONFIRMED
K01281.01,CONFIRMED
K01408.01,CONFIRMED
K01225.01,CONFIRMED
K01357.01,CONFIRMED
K01358.01,CONFIRMED
K01420.01,CONFIRMED
K01358.02,CONFIRMED
K01358.03,CONFIRMED
K01358.04,CONFIRMED
K01359.01,CONFIRMED
K01359.02,CONFIRMED
K01303.01,CONFIRMED
K01602.01,CONFIRMED
K01715.01,CONFIRMED
K01489.01,CONFIRMED
K01720.01,CONFIRMED
K01494.01,CONFIRMED
K01560.01,CONFIRMED
K01498.02,CONFIRMED
K01499.02,CONFIRMED
K01499.03,FALSE POSITIVE
K01563.03,CONFIRMED
K01619.01,CONFIRMED
K01622.01,CONFIRMED
K01731.01,CONFIRMED
K01627.02,CONFIRMED
K01738.01,CONFIRMED
K01630.01,CONFIRMED
K01764.01,CONFIRMED
K01773.01,CONFIRMED
K01510.01,CONFIRMED
K01573.01,CONFIRMED
K01573.02,CONFIRMED
K01646.01,CONFIRMED
K01751.02,CONFIRMED
K01574.03,CONFIRMED
K01647.03,FALSE POSITIVE
K01648.01,CONFIRMED
K01649.01,CONFIRMED
K01758.01,CONFIRMED
K00177.01,CONFIRMED
K01656.01,CONFIRMED
K01582.01,CONFIRMED
K01659.01,CONFIRMED
K01660.01,CONFIRMED
K01458.01,CONFIRMED
K01527.01,CONFIRMED
K01587.01,CONFIRMED
K01675.01,FALSE POSITIVE
K01465.01,CONFIRMED
K01466.01,CONFIRMED
K00191.02,CONFIRMED
K01681.01,CONFIRMED
K01470.01,CONFIRMED
K01590.01,CONFIRMED
K00185.01,CONFIRMED
K01590.02,CONFIRMED
K01590.03,CONFIRMED
K01685.01,CONFIRMED
K01473.01,CONFIRMED
K00191.03,CONFIRMED
K01476.01,CONFIRMED
K01477.01,CONFIRMED
K01546.01,CONFIRMED
K01704.01,CONFIRMED
K01705.01,CONFIRMED
K01480.02,CONFIRMED
K01547.01,CONFIRMED
K01549.01,CONFIRMED
K01599.01,CONFIRMED
K01708.01,CONFIRMED
K01552.01,CONFIRMED
K01892.01,CONFIRMED
K01964.01,CONFIRMED
K02037.01,CONFIRMED
K02037.03,CONFIRMED
K01897.01,CONFIRMED
K01968.01,CONFIRMED
K01969.01,CONFIRMED
K02039.01,CONFIRMED
K02040.01,CONFIRMED
K01901.01,CONFIRMED
K01972.01,CONFIRMED
K02042.01,CONFIRMED
K02043.01,CONFIRMED
K01906.01,CONFIRMED
K01974.01,CONFIRMED
K01842.01,CONFIRMED
K01982.01,CONFIRMED
K02060.01,CONFIRMED
K01843.02,CONFIRMED
K01845.02,CONFIRMED
K01984.01,CONFIRMED
K01985.01,CONFIRMED
K02052.01,CONFIRMED
K02056.01,CONFIRMED
K01856.01,CONFIRMED
K01857.01,CONFIRMED
K01917.01,CONFIRMED
K02064.01,CONFIRMED
K02066.01,CONFIRMED
K01860.03,CONFIRMED
K01928.01,CONFIRMED
K01783.01,CONFIRMED
K01784.01,CONFIRMED
K01861.01,CONFIRMED
K01863.01,CONFIRMED
K01864.01,CONFIRMED
K02009.01,CONFIRMED
K01793.01,FALSE POSITIVE
K00210.01,CONFIRMED
K01871.01,CONFIRMED
K01872.01,FALSE POSITIVE
K01934.01,CONFIRMED
K00211.01,CONFIRMED
K01942.01,CONFIRMED
K01944.01,CONFIRMED
K02023.01,CONFIRMED
K01808.01,CONFIRMED
K01878.01,CONFIRMED
K01946.01,CONFIRMED
K01816.01,CONFIRMED
K00212.01,CONFIRMED
K01822.01,CONFIRMED
K01889.02,CONFIRMED
K02248.04,CONFIRMED
K02250.01,CONFIRMED
K00239.02,CONFIRMED
K02174.01,CONFIRMED
K02174.02,CONFIRMED
K02174.03,CONFIRMED
K02259.01,CONFIRMED
K02343.01,FALSE POSITIVE
K02106.01,CONFIRMED
K02263.01,CONFIRMED
K02272.01,FALSE POSITIVE
K02351.01,CONFIRMED
K02117.01,CONFIRMED
K02186.01,CONFIRMED
K02189.01,CONFIRMED
K02191.01,CONFIRMED
K02358.01,CONFIRMED
K02361.01,CONFIRMED
K02120.01,CONFIRMED
K02123.01,CONFIRMED
K02370.01,CONFIRMED
K02124.01,CONFIRMED
K02125.01,CONFIRMED
K02204.01,CONFIRMED
K02206.01,CONFIRMED
K02353.01,CONFIRMED
K02354.01,FALSE POSITIVE
K02357.01,CONFIRMED
K02130.01,CONFIRMED
K02132.01,CONFIRMED
K02288.01,FALSE POSITIVE
K02290.01,CONFIRMED
K02291.01,CONFIRMED
K02363.01,CONFIRMED
K02364.01,CONFIRMED
K02367.01,CONFIRMED
K02216.01,CONFIRMED
K02217.01,CONFIRMED
K02293.01,CONFIRMED
K02294.01,CONFIRMED
K02295.01,CONFIRMED
K02373.01,CONFIRMED
K02219.01,CONFIRMED
K02297.01,CONFIRMED
K02298.01,CONFIRMED
K02299.01,FALSE POSITIVE
K02305.01,CONFIRMED
K00221.02,CONFIRMED
K02076.01,CONFIRMED
K02150.01,FALSE POSITIVE
K02226.01,CONFIRMED
K02310.01,CONFIRMED
K02081.01,CONFIRMED
K02082.01,CONFIRMED
K02154.01,CONFIRMED
K00227.01,CONFIRMED
K02229.01,CONFIRMED
K02232.01,CONFIRMED
K02315.01,CONFIRMED
K02084.01,CONFIRMED
K02158.01,CONFIRMED
K02159.01,CONFIRMED
K02237.01,CONFIRMED
K02319.01,CONFIRMED
K02321.01,CONFIRMED
K02091.01,CONFIRMED
K02241.01,CONFIRMED
K02325.01,CONFIRMED
K02329.01,CONFIRMED
K02093.01,FALSE POSITIVE
K02094.01,CONFIRMED
K02169.02,CONFIRMED
K02248.01,CONFIRMED
K02248.03,CONFIRMED
K02332.01,CONFIRMED
K02096.01,CONFIRMED
K02169.03,CONFIRMED
K02169.04,CONFIRMED
K02172.01,CONFIRMED
K02554.01,CONFIRMED
K02554.02,CONFIRMED
K00253.02,CONFIRMED
K02411.01,CONFIRMED
K02559.01,CONFIRMED
K02560.01,CONFIRMED
K02637.01,CONFIRMED
K02638.01,CONFIRMED
K02639.01,CONFIRMED
K02641.01,CONFIRMED
K02415.01,CONFIRMED
K02416.01,CONFIRMED
K00247.01,CONFIRMED
K02489.01,CONFIRMED
K02490.01,CONFIRMED
K02569.01,CONFIRMED
K02571.01,CONFIRMED
K02572.01,CONFIRMED
K02421.01,CONFIRMED
K02577.01,CONFIRMED
K02578.01,CONFIRMED
K02503.01,CONFIRMED
K02504.01,CONFIRMED
K02507.01,CONFIRMED
K02579.01,CONFIRMED
K02581.01,CONFIRMED
K02582.01,CONFIRMED
K02508.01,CONFIRMED
K02583.01,CONFIRMED
K02588.01,CONFIRMED
K02656.01,CONFIRMED
K02657.01,CONFIRMED
K02658.01,CONFIRMED
K02512.01,CONFIRMED
K02513.01,CONFIRMED
K02516.01,CONFIRMED
K02592.01,CONFIRMED
K00004.01,CONFIRMED
K02666.01,FALSE POSITIVE
K02519.01,FALSE POSITIVE
K02674.01,CONFIRMED
K02445.01,CONFIRMED
K02521.02,CONFIRMED
K02522.01,CONFIRMED
K02525.01,CONFIRMED
K02597.03,CONFIRMED
K02598.01,CONFIRMED
K02377.01,CONFIRMED
K02449.01,CONFIRMED
K02527.01,CONFIRMED
K02528.01,CONFIRMED
K02604.01,FALSE POSITIVE
K02380.01,CONFIRMED
K02531.01,CONFIRMED
K02532.01,CONFIRMED
K02607.01,CONFIRMED
K02384.01,CONFIRMED
K02386.01,CONFIRMED
K02462.01,CONFIRMED
K02534.02,CONFIRMED
K02538.01,CONFIRMED
K00252.01,CONFIRMED
K02613.01,CONFIRMED
K02542.01,CONFIRMED
K02543.01,CONFIRMED
K02620.01,CONFIRMED
K02393.01,CONFIRMED
K02467.01,CONFIRMED
K02469.01,CONFIRMED
K02471.01,CONFIRMED
K02547.01,CONFIRMED
K02548.01,FALSE POSITIVE
K00253.01,CONFIRMED
K02400.01,CONFIRMED
K02401.01,CONFIRMED
K02550.01,CONFIRMED
K02551.01,CONFIRMED
K02553.01,CONFIRMED
K02631.01,CONFIRMED
K02404.01,CONFIRMED
K02477.01,CONFIRMED
K02479.01,CONFIRMED
K02840.01,CONFIRMED
K02840.02,CONFIRMED
K02841.01,CONFIRMED
K02919.01,FALSE POSITIVE
K02764.01,CONFIRMED
K02848.01,CONFIRMED
K02849.01,CONFIRMED
K02921.01,CONFIRMED
K02923.01,CONFIRMED
K02770.01,CONFIRMED
K02851.01,CONFIRMED
K02851.02,CONFIRMED
K02853.01,CONFIRMED
K02927.01,CONFIRMED
K02775.01,CONFIRMED
K02855.01,CONFIRMED
K00272.01,CONFIRMED
K02933.01,FALSE POSITIVE
K02935.01,CONFIRMED
K02712.01,CONFIRMED
K02779.01,CONFIRMED
K02859.03,CONFIRMED
K02862.01,CONFIRMED
K02948.01,CONFIRMED
K02949.01,CONFIRMED
K02715.03,CONFIRMED
K02716.02,CONFIRMED
K02962.01,CONFIRMED
K02963.02,CONFIRMED
K02720.01,FALSE POSITIVE
K02797.01,CONFIRMED
K02942.01,CONFIRMED
K02942.02,CONFIRMED
K02801.01,CONFIRMED
K02871.01,CONFIRMED
K02871.02,CONFIRMED
K02876.01,FALSE POSITIVE
K02958.01,CONFIRMED
K02959.01,CONFIRMED
K02723.01,CONFIRMED
K02802.01,CONFIRMED
K02803.01,CONFIRMED
K02807.01,CONFIRMED
K02878.01,CONFIRMED
K02882.01,CONFIRMED
K02967.01,CONFIRMED
K02677.01,CONFIRMED
K02733.01,CONFIRMED
K02734.01,CONFIRMED
K02735.01,CONFIRMED
K02813.01,FALSE POSITIVE
K02890.01,CONFIRMED
K02679.01,FALSE POSITIVE
K02680.01,FALSE POSITIVE
K02821.01,CONFIRMED
K02683.01,CONFIRMED
K02686.01,CONFIRMED
K02899.01,CONFIRMED
K02900.01,CONFIRMED
K02689.01,CONFIRMED
K02690.01,CONFIRMED
K02829.01,CONFIRMED
K02691.01,CONFIRMED
K02833.01,CONFIRMED
K02835.01,CONFIRMED
K02906.02,CONFIRMED
K02694.02,CONFIRMED
K02695.01,FALSE POSITIVE
K02696.01,CONFIRMED
K02696.02,CONFIRMED
K02755.01,CONFIRMED
K02757.01,CONFIRMED
K02758.01,FALSE POSITIVE
K02914.01,CONFIRMED
K02700.01,CONFIRMED
K02759.01,CONFIRMED
K02760.01,CONFIRMED
K03007.01,CONFIRMED
K03086.01,CONFIRMED
K03088.01,CONFIRMED
K03089.01,CONFIRMED
K00304.02,FALSE POSITIVE
K03013.01,FALSE POSITIVE
K03017.01,CONFIRMED
K03091.01,CONFIRMED
K03095.01,CONFIRMED
K00308.01,CONFIRMED
K03019.01,CONFIRMED
K03020.01,CONFIRMED
K03022.01,CONFIRMED
K00373.01,CONFIRMED
K03022.02,CONFIRMED
K03105.01,FALSE POSITIVE
K00315.01,CONFIRMED
K00316.03,CONFIRMED
K00064.01,CONFIRMED
K00379.02,CONFIRMED
K03027.01,CONFIRMED
K03029.01,CONFIRMED
K03029.02,CONFIRMED
K03108.01,CONFIRMED
K03111.01,CONFIRMED
K03111.02,CONFIRMED
K00005.01,CONFIRMED
K03031.01,CONFIRMED
K03034.01,CONFIRMED
K03112.01,CONFIRMED
K03114.01,CONFIRMED
K03037.01,CONFIRMED
K03117.01,CONFIRMED
K03123.01,CONFIRMED
K03040.01,CONFIRMED
K03041.01,CONFIRMED
K03042.01,CONFIRMED
K03043.01,CONFIRMED
K03045.01,CONFIRMED
K00396.01,FALSE POSITIVE
K03048.01,CONFIRMED
K03050.01,CONFIRMED
K03130.01,CONFIRMED
K03130.02,CONFIRMED
K03132.01,FALSE POSITIVE
K02970.01,CONFIRMED
K02971.01,CONFIRMED
K02972.01,CONFIRMED
K03051.01,CONFIRMED
K03052.01,CONFIRMED
K03052.02,CONFIRMED
K03136.01,CONFIRMED
K03140.01,CONFIRMED
K02976.01,CONFIRMED
K03142.01,FALSE POSITIVE
K03145.01,CONFIRMED
K03145.02,CONFIRMED
K02982.01,CONFIRMED
K03061.01,CONFIRMED
K03065.01,CONFIRMED
K02984.01,CONFIRMED
K03429.04,CONFIRMED
K02989.01,CONFIRMED
K03066.01,CONFIRMED
K03068.01,CONFIRMED
K03069.01,CONFIRMED
K02243.03,CONFIRMED
K00349.01,CONFIRMED
K00350.01,CONFIRMED
K02992.01,CONFIRMED
K03072.01,CONFIRMED
K03073.01,CONFIRMED
K02263.03,CONFIRMED
K02926.05,CONFIRMED
K00353.01,CONFIRMED
K00353.02,CONFIRMED
K03078.01,CONFIRMED
K02264.02,CONFIRMED
K00354.02,CONFIRMED
K04146.02,CONFIRMED
K01236.04,CONFIRMED
K03083.01,CONFIRMED
K03083.02,CONFIRMED
K03083.03,CONFIRMED
K00522.01,CONFIRMED
K00577.01,CONFIRMED
K00422.01,CONFIRMED
K02298.03,CONFIRMED
K00524.01,CONFIRMED
K00525.01,CONFIRMED
K03091.02,CONFIRMED
K04288.04,CONFIRMED
K00426.01,CONFIRMED
K00427.01,CONFIRMED
K00531.01,CONFIRMED
K00092.01,CONFIRMED
K04260.04,FALSE POSITIVE
K00430.02,CONFIRMED
K01353.03,FALSE POSITIVE
K00317.02,CONFIRMED
K00436.01,CONFIRMED
K00437.01,FALSE POSITIVE
K00599.01,CONFIRMED
K03209.02,CONFIRMED
K00787.03,CONFIRMED
K00592.01,CONFIRMED
K01815.02,CONFIRMED
K00593.03,CONFIRMED
K00501.01,CONFIRMED
K03226.02,CONFIRMED
K00601.02,CONFIRMED
K01910.02,CONFIRMED
K02678.02,FALSE POSITIVE
K00554.01,CONFIRMED
K00555.02,CONFIRMED
K01942.02,CONFIRMED
K02871.04,CONFIRMED
K00331.02,FALSE POSITIVE
K00558.01,CONFIRMED
K00458.01,CONFIRMED
K00075.01,CONFIRMED
K01083.02,CONFIRMED
K02174.04,CONFIRMED
K02906.03,CONFIRMED
K07624.01,FALSE POSITIVE
K00466.01,CONFIRMED
K00076.01,FALSE POSITIVE
K04773.02,CONFIRMED
K04846.02,CONFIRMED
K00469.01,CONFIRMED
K00089.02,CONFIRMED
K00415.01,CONFIRMED
K04896.02,FALSE POSITIVE
K00473.01,CONFIRMED
K00474.03,CONFIRMED
K00417.01,CONFIRMED
K05007.02,FALSE POSITIVE
K00080.01,FALSE POSITIVE
K00728.01,CONFIRMED
K07628.01,CONFIRMED
K00683.01,CONFIRMED
K00684.01,CONFIRMED
K00686.01,CONFIRMED
K00687.01,CONFIRMED
K07630.01,CONFIRMED
K00635.01,CONFIRMED
K00547.03,CONFIRMED
K00691.01,CONFIRMED
K00732.02,CONFIRMED
K00732.03,CONFIRMED
K00548.02,CONFIRMED
K00734.02,CONFIRMED
K00100.01,CONFIRMED
K00641.01,CONFIRMED
K07378.02,CONFIRMED
K00735.01,CONFIRMED
K00645.02,CONFIRMED
K00648.01,FALSE POSITIVE
K04388.02,FALSE POSITIVE
K00102.01,CONFIRMED
K00650.01,CONFIRMED
K00704.01,CONFIRMED
K04577.02,CONFIRMED
K07621.01,FALSE POSITIVE
K04622.02,CONFIRMED
K00605.02,CONFIRMED
K00607.01,CONFIRMED
K00103.01,CONFIRMED
K04692.02,FALSE POSITIVE
K00611.01,CONFIRMED
K04700.02,CONFIRMED
K00716.01,CONFIRMED
K07636.01,FALSE POSITIVE
K00621.01,CONFIRMED
K00622.01,CONFIRMED
K07638.01,CONFIRMED
K07634.01,FALSE POSITIVE
K07635.01,FALSE POSITIVE
K04136.01,CONFIRMED
K04136.02,CONFIRMED
K02220.04,CONFIRMED
K04067.01,CONFIRMED
K04069.01,CONFIRMED
K04144.01,CONFIRMED
K04145.01,CONFIRMED
K04150.01,CONFIRMED
K04156.01,CONFIRMED
K04157.01,CONFIRMED
K00255.02,CONFIRMED
K04166.01,CONFIRMED
K04021.01,CONFIRMED
K04152.01,CONFIRMED
K04153.01,CONFIRMED
K04021.02,CONFIRMED
K04022.01,CONFIRMED
K07644.01,FALSE POSITIVE
K02250.02,CONFIRMED
K07648.01,FALSE POSITIVE
K04097.01,CONFIRMED
K04097.02,CONFIRMED
K04099.01,CONFIRMED
K07641.01,FALSE POSITIVE
K02257.02,CONFIRMED
K04037.01,CONFIRMED
K07645.01,CONFIRMED
K04109.01,CONFIRMED
K04120.01,FALSE POSITIVE
K04123.01,CONFIRMED
K04053.01,CONFIRMED
K04054.01,CONFIRMED
K04056.01,CONFIRMED
K07673.01,FALSE POSITIVE
K04060.01,CONFIRMED
K04129.01,CONFIRMED
K04343.01,CONFIRMED
K04345.01,CONFIRMED
K02859.04,CONFIRMED
K04409.01,CONFIRMED
K04410.01,CONFIRMED
K04205.01,CONFIRMED
K04207.01,CONFIRMED
K04208.01,CONFIRMED
K04209.01,CONFIRMED
K04346.01,CONFIRMED
K02585.03,CONFIRMED
K02433.04,CONFIRMED
K04353.01,CONFIRMED
K02949.02,CONFIRMED
K04419.01,FALSE POSITIVE
K04421.01,CONFIRMED
K04212.02,CONFIRMED
K04287.01,CONFIRMED
K02590.02,CONFIRMED
K04357.01,CONFIRMED
K04288.02,CONFIRMED
K04358.01,CONFIRMED
K04361.01,FALSE POSITIVE
K04427.01,CONFIRMED
K04428.01,CONFIRMED
K02972.02,CONFIRMED
K04430.01,CONFIRMED
K04296.01,CONFIRMED
K04363.01,FALSE POSITIVE
K02722.05,CONFIRMED
K04442.01,CONFIRMED
K04443.01,CONFIRMED
K04226.01,CONFIRMED
K04298.01,FALSE POSITIVE
K04366.01,CONFIRMED
K04367.01,CONFIRMED
K04302.01,CONFIRMED
K04303.01,CONFIRMED
K04372.01,CONFIRMED
K04435.01,CONFIRMED
K03004.02,CONFIRMED
K07662.01,FALSE POSITIVE
K04235.01,CONFIRMED
K04307.01,CONFIRMED
K00612.03,CONFIRMED
K02563.02,CONFIRMED
K04374.01,CONFIRMED
K04377.01,CONFIRMED
K04444.01,CONFIRMED
K04447.01,CONFIRMED
K04242.01,CONFIRMED
K04310.01,CONFIRMED
K07668.01,FALSE POSITIVE
K02732.04,CONFIRMED
K04245.01,CONFIRMED
K04318.01,CONFIRMED
K04385.01,CONFIRMED
K04386.01,CONFIRMED
K04178.01,FALSE POSITIVE
K00566.03,CONFIRMED
K04251.01,FALSE POSITIVE
K04252.01,CONFIRMED
K02579.02,CONFIRMED
K04320.01,CONFIRMED
K04389.01,FALSE POSITIVE
K04390.01,FALSE POSITIVE
K02744.02,CONFIRMED
K04184.01,CONFIRMED
K04253.01,FALSE POSITIVE
K04257.01,CONFIRMED
K04323.01,CONFIRMED
K04325.01,CONFIRMED
K07670.01,FALSE POSITIVE
K04391.01,CONFIRMED
K04393.01,CONFIRMED
K04395.01,CONFIRMED
K04259.01,CONFIRMED
K02579.03,CONFIRMED
K04398.01,CONFIRMED
K00647.02,CONFIRMED
K02420.02,CONFIRMED
K04264.01,FALSE POSITIVE
K04334.01,CONFIRMED
K04399.01,FALSE POSITIVE
K04403.01,CONFIRMED
K04267.01,CONFIRMED
K04269.01,CONFIRMED
K04269.02,FALSE POSITIVE
K07679.01,CONFIRMED
K04405.01,FALSE POSITIVE
K04407.01,FALSE POSITIVE
K02433.03,CONFIRMED
K04273.01,CONFIRMED
K04274.01,CONFIRMED
K04691.01,CONFIRMED
K04480.01,CONFIRMED
K07685.01,CONFIRMED
K04482.01,CONFIRMED
K04549.01,FALSE POSITIVE
K04551.01,CONFIRMED
K04694.01,CONFIRMED
K04484.01,CONFIRMED
K04554.01,CONFIRMED
K04557.01,CONFIRMED
K04626.01,CONFIRMED
K04627.01,CONFIRMED
K04630.01,CONFIRMED
K04698.01,CONFIRMED
K04699.01,CONFIRMED
K04700.01,CONFIRMED
K04558.01,CONFIRMED
K04632.01,CONFIRMED
K04634.01,CONFIRMED
K03196.01,CONFIRMED
K04705.01,FALSE POSITIVE
K04495.01,CONFIRMED
K04496.01,CONFIRMED
K07681.01,CONFIRMED
K04563.01,CONFIRMED
K03165.01,CONFIRMED
K04636.01,FALSE POSITIVE
K04637.01,CONFIRMED
K04709.01,CONFIRMED
K04710.01,CONFIRMED
K04711.01,CONFIRMED
K04497.01,CONFIRMED
K04498.01,CONFIRMED
K04499.01,CONFIRMED
K04567.01,FALSE POSITIVE
K04570.01,CONFIRMED
K03197.01,FALSE POSITIVE
K04725.01,CONFIRMED
K04500.02,CONFIRMED
K04503.01,CONFIRMED
K04504.01,CONFIRMED
K04575.01,CONFIRMED
K04644.01,CONFIRMED
K04647.01,CONFIRMED
K03196.02,CONFIRMED
K04714.01,CONFIRMED
K04716.01,CONFIRMED
K04505.01,CONFIRMED
K04506.01,CONFIRMED
K04508.01,CONFIRMED
K04577.01,FALSE POSITIVE
K04580.01,FALSE POSITIVE
K04649.01,CONFIRMED
K04651.01,CONFIRMED
K04717.01,CONFIRMED
K04509.01,CONFIRMED
K04581.01,FALSE POSITIVE
K04582.01,CONFIRMED
K03168.01,FALSE POSITIVE
K04653.01,CONFIRMED
K04655.01,FALSE POSITIVE
K04656.01,CONFIRMED
K04730.01,FALSE POSITIVE
K07693.01,CONFIRMED
K04586.01,CONFIRMED
K04587.01,CONFIRMED
K04657.01,CONFIRMED
K04659.01,CONFIRMED
K04661.01,CONFIRMED
K04451.01,CONFIRMED
K04452.01,CONFIRMED
K07685.02,FALSE POSITIVE
K04519.01,CONFIRMED
K04520.01,CONFIRMED
K04590.01,CONFIRMED
K04591.01,CONFIRMED
K00750.02,CONFIRMED
K07676.01,FALSE POSITIVE
K04663.01,CONFIRMED
K04456.01,CONFIRMED
K04457.01,CONFIRMED
K04523.01,CONFIRMED
K04524.01,CONFIRMED
K04524.02,CONFIRMED
K04595.01,CONFIRMED
K04597.01,CONFIRMED
K04666.01,CONFIRMED
K04667.01,FALSE POSITIVE
K04670.01,CONFIRMED
K03061.02,CONFIRMED
K04460.01,CONFIRMED
K04526.01,CONFIRMED
K04528.01,FALSE POSITIVE
K04530.01,CONFIRMED
K07687.01,FALSE POSITIVE
K04601.01,CONFIRMED
K04602.01,CONFIRMED
K04674.01,CONFIRMED
K04463.01,FALSE POSITIVE
K04464.01,FALSE POSITIVE
K04466.01,CONFIRMED
K04603.01,FALSE POSITIVE
K04605.01,FALSE POSITIVE
K04467.01,CONFIRMED
K07678.01,CONFIRMED
K04680.01,CONFIRMED
K04541.01,CONFIRMED
K04613.01,CONFIRMED
K04614.01,CONFIRMED
K04685.01,CONFIRMED
K04686.01,CONFIRMED
K04477.01,CONFIRMED
K04477.02,CONFIRMED
K04478.01,CONFIRMED
K04545.01,CONFIRMED
K04546.01,FALSE POSITIVE
K04548.01,CONFIRMED
K04904.01,CONFIRMED
K04906.01,CONFIRMED
K04907.01,FALSE POSITIVE
K07712.01,FALSE POSITIVE
K04763.01,CONFIRMED
K04764.01,CONFIRMED
K04766.01,CONFIRMED
K04837.01,FALSE POSITIVE
K04839.01,CONFIRMED
K04912.01,FALSE POSITIVE
K07703.01,FALSE POSITIVE
K03301.01,CONFIRMED
K04768.01,FALSE POSITIVE
K04771.01,FALSE POSITIVE
K04772.01,CONFIRMED
K04840.01,CONFIRMED
K03214.01,FALSE POSITIVE
K04913.01,CONFIRMED
K04914.01,CONFIRMED
K03224.01,CONFIRMED
K03307.01,CONFIRMED
K07704.01,CONFIRMED
K04773.01,CONFIRMED
K04775.01,CONFIRMED
K04844.01,CONFIRMED
K04846.01,CONFIRMED
K03232.01,CONFIRMED
K03309.01,CONFIRMED
K03310.01,CONFIRMED
K04776.01,CONFIRMED
K04777.01,CONFIRMED
K04780.01,CONFIRMED
K04849.01,CONFIRMED
K04850.01,CONFIRMED
K04852.01,CONFIRMED
K03236.01,CONFIRMED
K03312.01,CONFIRMED
K03313.01,FALSE POSITIVE
K04853.01,CONFIRMED
K04854.01,CONFIRMED
K04856.01,FALSE POSITIVE
K04857.01,CONFIRMED
K04859.01,CONFIRMED
K04861.01,FALSE POSITIVE
K03248.01,CONFIRMED
K07715.01,FALSE POSITIVE
K03318.01,CONFIRMED
K01404.02,CONFIRMED
K03318.02,FALSE POSITIVE
K03319.01,CONFIRMED
K04792.01,CONFIRMED
K04864.01,CONFIRMED
K03320.01,CONFIRMED
K03323.01,CONFIRMED
K04793.01,CONFIRMED
K04794.01,CONFIRMED
K04797.01,CONFIRMED
K03258.01,CONFIRMED
K03259.01,CONFIRMED
K03329.01,CONFIRMED
K07716.01,FALSE POSITIVE
K04799.01,CONFIRMED
K04801.01,FALSE POSITIVE
K03209.01,CONFIRMED
K04871.01,FALSE POSITIVE
K04875.01,CONFIRMED
K03263.01,CONFIRMED
K03264.01,CONFIRMED
K04733.01,CONFIRMED
K04735.01,CONFIRMED
K04804.01,FALSE POSITIVE
K04877.01,CONFIRMED
K03267.01,CONFIRMED
K07708.01,FALSE POSITIVE
K04737.01,FALSE POSITIVE
K04808.01,CONFIRMED
K04810.01,CONFIRMED
K04811.01,CONFIRMED
K04885.01,CONFIRMED
K03271.01,CONFIRMED
K03271.02,CONFIRMED
K03202.01,CONFIRMED
K04815.01,CONFIRMED
K04886.01,CONFIRMED
K04890.01,FALSE POSITIVE
K04748.01,CONFIRMED
K04749.01,CONFIRMED
K04818.01,CONFIRMED
K04820.01,CONFIRMED
K04891.01,CONFIRMED
K04892.01,FALSE POSITIVE
K04893.01,CONFIRMED
K03279.01,CONFIRMED
K04750.01,FALSE POSITIVE
K03203.01,CONFIRMED
K04822.01,FALSE POSITIVE
K04823.01,CONFIRMED
K04895.01,CONFIRMED
K04896.01,FALSE POSITIVE
K04754.01,CONFIRMED
K04756.01,FALSE POSITIVE
K04827.01,CONFIRMED
K04829.01,CONFIRMED
K04900.01,CONFIRMED
K04759.01,CONFIRMED
K04762.01,CONFIRMED
K07700.01,FALSE POSITIVE
K04833.01,CONFIRMED
K04834.01,FALSE POSITIVE
K07711.01,FALSE POSITIVE
K03503.01,FALSE POSITIVE
K03367.01,CONFIRMED
K03368.01,CONFIRMED
K03434.01,CONFIRMED
K07746.01,FALSE POSITIVE
K03437.02,CONFIRMED
K07764.01,FALSE POSITIVE
K03370.01,CONFIRMED
K07735.01,FALSE POSITIVE
K03371.01,CONFIRMED
K03372.01,CONFIRMED
K01627.03,CONFIRMED
K03374.02,CONFIRMED
K03375.01,CONFIRMED
K03377.01,CONFIRMED
K03444.01,CONFIRMED
K03444.02,CONFIRMED
K03444.03,CONFIRMED
K07780.01,CONFIRMED
K03383.01,CONFIRMED
K03384.01,CONFIRMED
K07749.01,FALSE POSITIVE
K03448.01,CONFIRMED
K03451.01,CONFIRMED
K01899.02,CONFIRMED
K07750.01,FALSE POSITIVE
K03455.01,CONFIRMED
K00332.02,CONFIRMED
K03389.01,CONFIRMED
K03391.01,CONFIRMED
K03459.01,CONFIRMED
K01750.02,CONFIRMED
K03460.01,CONFIRMED
K03394.01,CONFIRMED
K03395.01,CONFIRMED
K03396.01,CONFIRMED
K03462.01,CONFIRMED
K03462.02,CONFIRMED
K03397.01,CONFIRMED
K03398.02,CONFIRMED
K03398.03,CONFIRMED
K03469.01,CONFIRMED
K01781.03,CONFIRMED
K03470.01,CONFIRMED
K03401.01,CONFIRMED
K01681.02,FALSE POSITIVE
K07773.01,CONFIRMED
K03472.01,CONFIRMED
K03473.01,CONFIRMED
K03474.01,CONFIRMED
K03335.01,CONFIRMED
K01525.02,CONFIRMED
K03403.02,CONFIRMED
K03408.01,CONFIRMED
K01788.02,CONFIRMED
K01833.02,CONFIRMED
K03337.01,CONFIRMED
K03339.01,CONFIRMED
K03340.01,CONFIRMED
K03340.02,CONFIRMED
K03411.01,CONFIRMED
K01681.03,FALSE POSITIVE
K07774.01,FALSE POSITIVE
K03480.01,CONFIRMED
K03481.01,CONFIRMED
K03482.01,CONFIRMED
K03483.01,CONFIRMED
K03341.01,CONFIRMED
K03341.02,CONFIRMED
K03343.01,CONFIRMED
K03344.01,CONFIRMED
K03416.01,CONFIRMED
K03486.01,CONFIRMED
K07759.01,CONFIRMED
K03347.01,CONFIRMED
K03420.02,CONFIRMED
K03421.01,CONFIRMED
K07775.01,FALSE POSITIVE
K03422.01,FALSE POSITIVE
K03493.01,CONFIRMED
K03495.01,CONFIRMED
K01562.02,CONFIRMED
K03423.01,CONFIRMED
K07776.01,FALSE POSITIVE
K03426.01,CONFIRMED
K03495.02,CONFIRMED
K07744.01,FALSE POSITIVE
K03354.01,CONFIRMED
K03355.01,CONFIRMED
K07762.01,CONFIRMED
K03429.01,CONFIRMED
K03500.01,CONFIRMED
K03500.02,CONFIRMED
K03358.01,CONFIRMED
K03361.01,CONFIRMED
K03430.01,CONFIRMED
K03431.01,CONFIRMED
K03433.01,FALSE POSITIVE
K03823.01,CONFIRMED
K03749.01,FALSE POSITIVE
K02093.02,FALSE POSITIVE
K02018.02,CONFIRMED
K02055.03,CONFIRMED
K03908.01,CONFIRMED
K03909.01,CONFIRMED
K07793.01,CONFIRMED
K03761.01,FALSE POSITIVE
K03913.01,FALSE POSITIVE
K02093.03,FALSE POSITIVE
K03689.01,CONFIRMED
K07795.01,CONFIRMED
K03770.01,CONFIRMED
K03777.01,FALSE POSITIVE
K01986.02,CONFIRMED
K07796.01,CONFIRMED
K03787.01,CONFIRMED
K07785.01,FALSE POSITIVE
K02061.02,CONFIRMED
K03801.01,CONFIRMED
K03876.01,CONFIRMED
K07791.01,FALSE POSITIVE
K00416.03,CONFIRMED
K07798.01,FALSE POSITIVE
K03810.01,CONFIRMED
K03811.01,FALSE POSITIVE
K02004.03,CONFIRMED
K03815.01,CONFIRMED
K03891.01,CONFIRMED
K01666.01,CONFIRMED
K01671.01,CONFIRMED
K07849.01,FALSE POSITIVE
K02158.02,CONFIRMED
K07850.01,FALSE POSITIVE
K01745.01,CONFIRMED
K02480.01,CONFIRMED
K01957.01,FALSE POSITIVE
K02162.02,CONFIRMED
K02663.01,CONFIRMED
K01963.01,CONFIRMED
K07818.01,CONFIRMED
K02796.01,CONFIRMED
K03991.01,CONFIRMED
K01947.01,CONFIRMED
K02141.01,FALSE POSITIVE
K02612.01,CONFIRMED
K07842.01,FALSE POSITIVE
K02860.01,CONFIRMED
K02874.01,CONFIRMED
K02879.01,FALSE POSITIVE
K04002.01,CONFIRMED
K04004.01,CONFIRMED
K07843.01,CONFIRMED
K01772.01,CONFIRMED
K02199.01,CONFIRMED
K03933.01,CONFIRMED
K03936.01,CONFIRMED
K07832.01,FALSE POSITIVE
K04007.01,FALSE POSITIVE
K02172.02,CONFIRMED
K03936.02,FALSE POSITIVE
K07833.01,FALSE POSITIVE
K04014.01,CONFIRMED
K02135.02,CONFIRMED
K03943.01,CONFIRMED
K07834.01,FALSE POSITIVE
K01411.01,CONFIRMED
K01943.01,CONFIRMED
K07835.01,CONFIRMED
K07846.01,FALSE POSITIVE
K01631.01,FALSE POSITIVE
K02065.01,CONFIRMED
K02068.01,FALSE POSITIVE
K03104.01,CONFIRMED
K03137.01,CONFIRMED
K02925.01,CONFIRMED
K02037.02,CONFIRMED
K02612.02,CONFIRMED
K01871.02,CONFIRMED
K01783.02,CONFIRMED
K02957.01,CONFIRMED
K03077.01,CONFIRMED
K03094.01,CONFIRMED
K01599.02,CONFIRMED
K03077.02,CONFIRMED
K00339.03,CONFIRMED
K05149.01,FALSE POSITIVE
K05155.01,CONFIRMED
K05274.01,FALSE POSITIVE
K05275.01,FALSE POSITIVE
K05276.01,FALSE POSITIVE
K05278.01,CONFIRMED
K05279.01,CONFIRMED
K03463.01,CONFIRMED
K03478.01,CONFIRMED
K05283.01,FALSE POSITIVE
K05284.01,CONFIRMED
K05287.01,FALSE POSITIVE
K03494.01,CONFIRMED
K03508.01,CONFIRMED
K05040.01,CONFIRMED
K05169.01,FALSE POSITIVE
K05288.01,CONFIRMED
K04923.01,FALSE POSITIVE
K04926.01,FALSE POSITIVE
K05174.01,FALSE POSITIVE
K05297.01,CONFIRMED
K05300.01,FALSE POSITIVE
K05308.01,CONFIRMED
K05310.01,CONFIRMED
K04938.01,FALSE POSITIVE
K05067.01,FALSE POSITIVE
K05329.01,CONFIRMED
K05331.01,CONFIRMED
K05332.01,FALSE POSITIVE
K05333.01,CONFIRMED
K05071.01,CONFIRMED
K05196.01,FALSE POSITIVE
K05202.01,FALSE POSITIVE
K05207.01,CONFIRMED
K05327.01,CONFIRMED
K04967.01,FALSE POSITIVE
K05088.01,CONFIRMED
K05211.01,CONFIRMED
K05336.01,FALSE POSITIVE
K05341.01,FALSE POSITIVE
K04972.01,CONFIRMED
K04975.01,CONFIRMED
K05098.01,CONFIRMED
K05219.01,CONFIRMED
K05224.01,CONFIRMED
K05104.01,CONFIRMED
K05110.01,FALSE POSITIVE
K05236.01,CONFIRMED
K04992.01,CONFIRMED
K05117.01,FALSE POSITIVE
K04999.01,CONFIRMED
K05124.01,CONFIRMED
K05249.01,CONFIRMED
K02150.02,CONFIRMED
K02422.02,CONFIRMED
K05007.01,CONFIRMED
K05267.01,CONFIRMED
K05651.01,FALSE POSITIVE
K05411.01,CONFIRMED
K05663.01,CONFIRMED
K05790.01,CONFIRMED
K05677.01,CONFIRMED
K05796.01,FALSE POSITIVE
K05800.01,FALSE POSITIVE
K05426.01,CONFIRMED
K05552.01,CONFIRMED
K05553.01,CONFIRMED
K05805.01,FALSE POSITIVE
K05433.01,CONFIRMED
K05435.01,CONFIRMED
K05563.01,FALSE POSITIVE
K05688.01,FALSE POSITIVE
K05692.01,CONFIRMED
K05833.01,CONFIRMED
K05834.01,FALSE POSITIVE
K05440.01,FALSE POSITIVE
K05817.01,CONFIRMED
K05458.01,CONFIRMED
K05459.01,CONFIRMED
K05842.01,FALSE POSITIVE
K05597.01,CONFIRMED
K05719.01,FALSE POSITIVE
K05476.01,CONFIRMED
K05602.01,CONFIRMED
K05605.01,CONFIRMED
K05727.01,CONFIRMED
K05732.01,CONFIRMED
K05359.01,CONFIRMED
K05485.01,FALSE POSITIVE
K05486.01,CONFIRMED
K05736.01,FALSE POSITIVE
K05745.01,CONFIRMED
K05748.01,CONFIRMED
K05375.01,FALSE POSITIVE
K05625.01,CONFIRMED
K05628.01,CONFIRMED
K05632.01,CONFIRMED
K05761.01,CONFIRMED
K05762.01,CONFIRMED
K05384.01,CONFIRMED
K05388.01,FALSE POSITIVE
K05512.01,CONFIRMED
K05515.01,CONFIRMED
K05518.01,FALSE POSITIVE
K05769.01,CONFIRMED
K05899.01,CONFIRMED
K05901.01,CONFIRMED
K05909.01,CONFIRMED
K05915.01,CONFIRMED
K05917.01,FALSE POSITIVE
K05922.01,FALSE POSITIVE
K05929.01,CONFIRMED
K05932.01,FALSE POSITIVE
K05934.01,FALSE POSITIVE
K05940.01,CONFIRMED
K05943.01,CONFIRMED
K05961.01,CONFIRMED
K05964.01,CONFIRMED
K05965.01,CONFIRMED
K05845.01,FALSE POSITIVE
K05846.01,FALSE POSITIVE
K05850.01,FALSE POSITIVE
K05854.01,CONFIRMED
K05855.01,CONFIRMED
K05863.01,CONFIRMED
K05874.01,CONFIRMED
K05889.01,FALSE POSITIVE
K05895.01,CONFIRMED
K06179.01,CONFIRMED
K06182.01,CONFIRMED
K01608.03,CONFIRMED
K03410.02,CONFIRMED
K03444.04,CONFIRMED
K03503.02,FALSE POSITIVE
K04647.02,CONFIRMED
K04657.02,CONFIRMED
K06093.02,CONFIRMED
K01015.03,CONFIRMED
K06188.01,CONFIRMED
K03878.02,CONFIRMED
K04009.02,FALSE POSITIVE
K05987.01,FALSE POSITIVE
K01053.02,CONFIRMED
K06191.01,CONFIRMED
K06191.02,CONFIRMED
K06194.01,FALSE POSITIVE
K06195.01,CONFIRMED
K04034.02,CONFIRMED
K04103.02,CONFIRMED
K00649.02,CONFIRMED
K06103.01,CONFIRMED
K06103.02,CONFIRMED
K01628.03,CONFIRMED
K04192.02,CONFIRMED
K04246.02,CONFIRMED
K04287.02,CONFIRMED
K07865.01,FALSE POSITIVE
K04385.03,CONFIRMED
K04541.02,CONFIRMED
K01082.04,CONFIRMED
K06209.01,CONFIRMED
K07873.01,CONFIRMED
K07863.01,FALSE POSITIVE
K06120.01,CONFIRMED
K06209.02,FALSE POSITIVE
K04913.02,CONFIRMED
K06217.01,FALSE POSITIVE
K04567.02,CONFIRMED
K07875.01,FALSE POSITIVE
K01310.02,CONFIRMED
K06130.01,CONFIRMED
K06132.01,CONFIRMED
K01996.02,CONFIRMED
K00750.03,CONFIRMED
K03283.02,CONFIRMED
K06132.03,CONFIRMED
K06137.01,CONFIRMED
K02433.06,CONFIRMED
K02433.07,CONFIRMED
K00841.04,CONFIRMED
K02012.02,CONFIRMED
K00841.05,CONFIRMED
K00353.03,CONFIRMED
K00896.03,CONFIRMED
K06246.01,CONFIRMED
K01519.02,CONFIRMED
K02163.03,CONFIRMED
K02183.03,CONFIRMED
K02184.02,CONFIRMED
K02194.03,FALSE POSITIVE
K02209.02,CONFIRMED
K00945.03,CONFIRMED
K06164.01,CONFIRMED
K02327.02,FALSE POSITIVE
K02393.02,CONFIRMED
K02450.02,CONFIRMED
K00992.02,CONFIRMED
K01522.02,CONFIRMED
K07870.01,FALSE POSITIVE
K02719.02,CONFIRMED
K02828.02,CONFIRMED
K02871.03,FALSE POSITIVE
K06085.01,CONFIRMED
K02971.02,CONFIRMED
K03214.02,FALSE POSITIVE
K00238.03,FALSE POSITIVE
K00593.04,CONFIRMED
K00993.03,FALSE POSITIVE
K07878.01,FALSE POSITIVE
K06093.01,CONFIRMED
K03420.01,CONFIRMED
K01920.02,CONFIRMED
K01992.03,CONFIRMED
K06618.01,FALSE POSITIVE
K07882.01,FALSE POSITIVE
K06753.01,FALSE POSITIVE
K06889.01,FALSE POSITIVE
K06890.01,CONFIRMED
K06892.01,CONFIRMED
K07023.01,CONFIRMED
K07157.01,FALSE POSITIVE
K07283.01,CONFIRMED
K07894.01,FALSE POSITIVE
K04526.02,CONFIRMED
K04535.02,FALSE POSITIVE
K04871.02,FALSE POSITIVE
K06368.01,CONFIRMED
K06372.01,FALSE POSITIVE
K06375.01,CONFIRMED
K06631.01,CONFIRMED
K06762.01,FALSE POSITIVE
K06763.01,CONFIRMED
K06765.01,CONFIRMED
K07032.01,CONFIRMED
K07162.01,FALSE POSITIVE
K07291.01,FALSE POSITIVE
K07426.01,CONFIRMED
K07427.01,CONFIRMED
K07432.01,CONFIRMED
K00460.02,FALSE POSITIVE
K05875.02,CONFIRMED
K06253.01,FALSE POSITIVE
K06384.01,FALSE POSITIVE
K06635.01,FALSE POSITIVE
K06641.01,FALSE POSITIVE
K06774.01,CONFIRMED
K06776.01,FALSE POSITIVE
K06777.01,CONFIRMED
K06904.01,FALSE POSITIVE
K06907.01,CONFIRMED
K07040.01,FALSE POSITIVE
K07041.01,CONFIRMED
K07174.01,FALSE POSITIVE
K07301.01,CONFIRMED
K07305.01,FALSE POSITIVE
K07434.01,CONFIRMED
K07435.01,CONFIRMED
K07437.01,CONFIRMED
K06256.01,FALSE POSITIVE
K06259.01,CONFIRMED
K06259.02,CONFIRMED
K06511.01,FALSE POSITIVE
K06513.01,CONFIRMED
K06516.01,FALSE POSITIVE
K06646.01,FALSE POSITIVE
K06781.01,FALSE POSITIVE
K06783.01,CONFIRMED
K06786.01,FALSE POSITIVE
K06913.02,FALSE POSITIVE
K07182.01,CONFIRMED
K00547.02,FALSE POSITIVE
K07445.01,CONFIRMED
K06262.01,CONFIRMED
K06263.01,FALSE POSITIVE
K06267.01,CONFIRMED
K06399.01,CONFIRMED
K06401.01,FALSE POSITIVE
K06526.01,FALSE POSITIVE
K06653.01,FALSE POSITIVE
K06657.01,FALSE POSITIVE
K07884.01,FALSE POSITIVE
K06793.01,CONFIRMED
K06918.01,CONFIRMED
K06919.01,FALSE POSITIVE
K06921.01,FALSE POSITIVE
K06925.01,FALSE POSITIVE
K07889.01,FALSE POSITIVE
K07892.01,CONFIRMED
K07319.01,CONFIRMED
K07320.01,CONFIRMED
K07449.01,FALSE POSITIVE
K06274.01,CONFIRMED
K06276.01,CONFIRMED
K06409.01,FALSE POSITIVE
K06532.01,CONFIRMED
K06664.01,FALSE POSITIVE
K06666.01,CONFIRMED
K06798.01,FALSE POSITIVE
K06931.01,CONFIRMED
K07061.01,FALSE POSITIVE
K07195.01,FALSE POSITIVE
K07197.01,CONFIRMED
K07199.01,FALSE POSITIVE
K07327.01,CONFIRMED
K07460.01,CONFIRMED
K06538.01,FALSE POSITIVE
K06672.01,CONFIRMED
K06676.01,FALSE POSITIVE
K06934.01,FALSE POSITIVE
K07069.01,FALSE POSITIVE
K07072.01,FALSE POSITIVE
K07073.01,FALSE POSITIVE
K07074.01,FALSE POSITIVE
K07076.01,CONFIRMED
K07205.01,FALSE POSITIVE
K07208.01,CONFIRMED
K07209.01,CONFIRMED
K07339.01,FALSE POSITIVE
K07470.01,FALSE POSITIVE
K07471.01,CONFIRMED
K06291.01,FALSE POSITIVE
K06293.01,FALSE POSITIVE
K06425.01,FALSE POSITIVE
K06546.01,CONFIRMED
K06680.01,CONFIRMED
K06819.01,FALSE POSITIVE
K07215.01,CONFIRMED
K07345.01,CONFIRMED
K07479.01,CONFIRMED
K06299.01,CONFIRMED
K06301.01,CONFIRMED
K07879.01,FALSE POSITIVE
K06557.01,CONFIRMED
K06687.01,CONFIRMED
K06689.01,CONFIRMED
K06954.01,FALSE POSITIVE
K07088.01,FALSE POSITIVE
K07093.01,FALSE POSITIVE
K07220.01,FALSE POSITIVE
K07223.01,CONFIRMED
K07224.01,FALSE POSITIVE
K07354.01,CONFIRMED
K07358.01,FALSE POSITIVE
K07483.01,FALSE POSITIVE
K07484.01,FALSE POSITIVE
K07489.01,CONFIRMED
K06960.01,CONFIRMED
K06966.01,CONFIRMED
K07099.01,CONFIRMED
K07231.02,FALSE POSITIVE
K07359.01,FALSE POSITIVE
K07360.01,FALSE POSITIVE
K01106.03,CONFIRMED
K01110.02,FALSE POSITIVE
K06315.01,FALSE POSITIVE
K06318.01,FALSE POSITIVE
K06320.01,FALSE POSITIVE
K06449.01,FALSE POSITIVE
K06450.01,FALSE POSITIVE
K06454.01,FALSE POSITIVE
K06568.01,CONFIRMED
K06707.01,CONFIRMED
K07888.01,FALSE POSITIVE
K06970.01,CONFIRMED
K06971.01,CONFIRMED
K07106.01,CONFIRMED
K07235.01,FALSE POSITIVE
K07236.01,CONFIRMED
K07370.01,FALSE POSITIVE
K07375.01,CONFIRMED
K07506.01,CONFIRMED
K01427.02,CONFIRMED
K01574.04,CONFIRMED
K01602.02,CONFIRMED
K01681.04,CONFIRMED
K01840.02,FALSE POSITIVE
K06579.01,CONFIRMED
K06582.01,CONFIRMED
K06849.01,CONFIRMED
K06978.01,CONFIRMED
K06980.01,CONFIRMED
K06983.01,CONFIRMED
K07116.01,CONFIRMED
K07117.01,CONFIRMED
K07117.02,CONFIRMED
K07376.01,CONFIRMED
K07378.01,CONFIRMED
K07380.01,FALSE POSITIVE
K07383.01,FALSE POSITIVE
K07510.01,CONFIRMED
K02103.02,CONFIRMED
K02199.02,CONFIRMED
K02232.02,CONFIRMED
K02321.02,FALSE POSITIVE
K02421.02,CONFIRMED
K02449.02,CONFIRMED
K06329.01,CONFIRMED
K06331.01,FALSE POSITIVE
K06860.01,CONFIRMED
K06985.01,FALSE POSITIVE
K07125.01,CONFIRMED
K07252.01,FALSE POSITIVE
K07389.01,FALSE POSITIVE
K07520.01,FALSE POSITIVE
K02523.02,CONFIRMED
K02564.02,CONFIRMED
K02623.02,CONFIRMED
K00283.03,CONFIRMED
K02756.02,CONFIRMED
K06342.01,FALSE POSITIVE
K06343.01,FALSE POSITIVE
K06475.01,CONFIRMED
K07880.01,FALSE POSITIVE
K06600.01,FALSE POSITIVE
K06731.01,FALSE POSITIVE
K06733.01,FALSE POSITIVE
K06734.01,FALSE POSITIVE
K06862.01,FALSE POSITIVE
K06993.01,CONFIRMED
K06994.01,CONFIRMED
K07129.01,FALSE POSITIVE
K07133.01,FALSE POSITIVE
K07258.01,CONFIRMED
K07259.01,FALSE POSITIVE
K07264.01,CONFIRMED
K07400.01,CONFIRMED
K03019.02,CONFIRMED
K03053.02,FALSE POSITIVE
K03068.02,CONFIRMED
K03344.03,FALSE POSITIVE
K03348.02,CONFIRMED
K03395.02,CONFIRMED
K06352.01,CONFIRMED
K06484.01,FALSE POSITIVE
K06601.01,FALSE POSITIVE
K06605.01,FALSE POSITIVE
K06739.01,FALSE POSITIVE
K06872.01,FALSE POSITIVE
K07002.01,FALSE POSITIVE
K07136.01,FALSE POSITIVE
K07270.01,FALSE POSITIVE
K07272.01,FALSE POSITIVE
K07404.01,CONFIRMED
K07408.01,CONFIRMED
K07534.01,FALSE POSITIVE
K07535.01,FALSE POSITIVE
K07539.01,CONFIRMED
K07540.01,FALSE POSITIVE
K04032.05,CONFIRMED
K04084.02,FALSE POSITIVE
K04084.03,CONFIRMED
K04157.02,FALSE POSITIVE
K06353.01,FALSE POSITIVE
K06355.01,FALSE POSITIVE
K06355.02,FALSE POSITIVE
K06358.01,FALSE POSITIVE
K06617.01,CONFIRMED
K06745.01,FALSE POSITIVE
K06750.01,CONFIRMED
K06751.01,CONFIRMED
K06752.01,FALSE POSITIVE
K06878.01,FALSE POSITIVE
K06882.01,CONFIRMED
K07144.01,CONFIRMED
K07148.01,CONFIRMED
K07279.01,CONFIRMED
K07281.01,FALSE POSITIVE
K07282.01,CONFIRMED
K00566.02,CONFIRMED
K07415.01,CONFIRMED
K04301.02,FALSE POSITIVE
K04383.02,CONFIRMED
K04421.02,FALSE POSITIVE
K00416.04,FALSE POSITIVE
K04500.03,CONFIRMED
K07617.01,CONFIRMED
K04524.03,CONFIRMED
K04782.02,FALSE POSITIVE
K04957.02,CONFIRMED
K05475.02,CONFIRMED
K06447.02,FALSE POSITIVE
K06464.03,CONFIRMED
K07546.01,FALSE POSITIVE
K07554.01,FALSE POSITIVE
K07558.01,FALSE POSITIVE
K07559.01,FALSE POSITIVE
K07567.01,FALSE POSITIVE
K02369.03,CONFIRMED
K07572.01,FALSE POSITIVE
K07589.01,FALSE POSITIVE
K02859.05,CONFIRMED
K07591.01,FALSE POSITIVE
K07592.01,FALSE POSITIVE
K07593.01,FALSE POSITIVE
K07903.01,CONFIRMED
K07905.01,FALSE POSITIVE
K07920.01,FALSE POSITIVE
K07913.01,CONFIRMED
K08201.01,FALSE POSITIVE
K08205.01,CONFIRMED
K07990.01,FALSE POSITIVE
K07991.01,FALSE POSITIVE
K07992.01,FALSE POSITIVE
K08211.01,FALSE POSITIVE
K07998.01,FALSE POSITIVE
K08000.01,FALSE POSITIVE
K08217.01,FALSE POSITIVE
K08117.01,FALSE POSITIVE
K08223.01,FALSE POSITIVE
K08232.01,CONFIRMED
K08238.01,FALSE POSITIVE
K08026.01,CONFIRMED
K08031.01,FALSE POSITIVE
K08241.01,FALSE POSITIVE
K08242.01,FALSE POSITIVE
K08246.01,FALSE POSITIVE
K07924.01,CONFIRMED
K07925.01,CONFIRMED
K08033.01,FALSE POSITIVE
K08035.01,CONFIRMED
K08037.01,CONFIRMED
K08039.01,CONFIRMED
K08249.01,FALSE POSITIVE
K08253.01,FALSE POSITIVE
K07930.01,FALSE POSITIVE
K07931.01,FALSE POSITIVE
K07932.01,FALSE POSITIVE
K08043.01,CONFIRMED
K08046.01,FALSE POSITIVE
K08047.01,FALSE POSITIVE
K08257.01,FALSE POSITIVE
K08259.01,FALSE POSITIVE
K07934.01,FALSE POSITIVE
K07940.01,FALSE POSITIVE
K08048.01,FALSE POSITIVE
K08050.01,FALSE POSITIVE
K08053.01,CONFIRMED
K08054.01,FALSE POSITIVE
K08156.01,FALSE POSITIVE
K08263.01,FALSE POSITIVE
K08159.02,FALSE POSITIVE
K08163.01,FALSE POSITIVE
K08270.01,FALSE POSITIVE
K08272.01,FALSE POSITIVE
K07951.01,CONFIRMED
K07953.01,FALSE POSITIVE
K07954.01,FALSE POSITIVE
K08063.01,CONFIRMED
K08068.01,CONFIRMED
K08275.01,FALSE POSITIVE
K08276.01,CONFIRMED
K08277.01,FALSE POSITIVE
K08279.01,FALSE POSITIVE
K08280.01,FALSE POSITIVE
K08174.01,FALSE POSITIVE
K08286.01,FALSE POSITIVE
K08076.01,FALSE POSITIVE
K08077.01,FALSE POSITIVE
K08078.01,FALSE POSITIVE
K08082.01,CONFIRMED
K08180.01,FALSE POSITIVE
K08183.01,CONFIRMED
K07970.01,CONFIRMED
K07976.01,FALSE POSITIVE
K08085.01,FALSE POSITIVE
K08089.01,FALSE POSITIVE
K08297.01,FALSE POSITIVE
K07982.01,FALSE POSITIVE
K08193.01,FALSE POSITIVE
K07986.01,CONFIRMED
K07988.01,FALSE POSITIVE
